facility_a,facility_b,distance_km,feasible
BOM-HOSP,BOM-PHC,6.0,True
BOM-HOSP,BOM-PHARM,6.5,True
BOM-HOSP,CCU-HOSP,1652.5,False
BOM-HOSP,CCU-PHC,1660.9,False
BOM-HOSP,CCU-PHARM,1654.6,False
BOM-HOSP,DEL-HOSP,1144.9,False
BOM-HOSP,DEL-PHC,1155.2,False
BOM-HOSP,DEL-PHARM,1152.4,False
BOM-HOSP,MAA-HOSP,1040.2,False
BOM-HOSP,MAA-PHC,1038.1,False
BOM-HOSP,MAA-PHARM,1035.8,False
BOM-HOSP,VTZ-HOSP,1111.9,False
BOM-HOSP,BZA-HOSP,873.3,False
BOM-HOSP,TIR-HOSP,927.8,False
BOM-HOSP,KRN-PHC,659.1,False
BOM-HOSP,HYD-HOSP,624.1,False
BOM-HOSP,HYD-PHARM,614.2,False
BOM-HOSP,WGL-HOSP,720.3,False
BOM-HOSP,NZB-PHC,552.0,False
BOM-HOSP,TRV-HOSP,1257.2,False
BOM-HOSP,COK-HOSP,1080.3,False
BOM-HOSP,CCJ-PHC,928.2,False
BOM-HOSP,CTC-HOSP,1369.5,False
BOM-HOSP,PAT-HOSP,1451.5,False
BOM-HOSP,GAY-PHC,1400.2,False
BOM-HOSP,IXC-HOSP,1349.9,False
BOM-HOSP,RPR-HOSP,944.5,False
BOM-HOSP,PNQ-HOSP,124.8,True
BOM-HOSP,NSK-HOSP,137.3,True
BOM-HOSP,NAG-HOSP,687.3,False
BOM-HOSP,MYS-HOSP,857.8,False
BOM-HOSP,HBX-PHC,481.4,False
BOM-HOSP,CJB-HOSP,1003.5,False
BOM-HOSP,IXM-PHC,1167.9,False
BOM-HOSP,JAI-HOSP,915.3,False
BOM-HOSP,LKO-HOSP,1191.1,False
BOM-HOSP,IXB-HOSP,1798.9,False
BOM-HOSP,RDP-PHC,1573.2,False
BOM-HOSP,ST-PHC,228.0,True
BOM-HOSP,IDR-PHC,506.6,False
BOM-PHC,CCU-HOSP,1658.4,False
BOM-PHC,CCU-PHC,1666.9,False
BOM-PHC,CCU-PHARM,1660.6,False
BOM-PHC,DEL-HOSP,1148.3,False
BOM-PHC,DEL-PHC,1158.6,False
BOM-PHC,DEL-PHARM,1155.8,False
BOM-PHC,MAA-HOSP,1043.9,False
BOM-PHC,MAA-PHC,1041.7,False
BOM-PHC,MAA-PHARM,1039.4,False
BOM-PHC,VTZ-HOSP,1117.6,False
BOM-PHC,BZA-HOSP,878.3,False
BOM-PHC,TIR-HOSP,931.3,False
BOM-PHC,KRN-PHC,663.3,False
BOM-PHC,HYD-HOSP,629.3,False
BOM-PHC,HYD-PHARM,619.3,False
BOM-PHC,WGL-HOSP,725.8,False
BOM-PHC,NZB-PHC,557.7,False
BOM-PHC,TRV-HOSP,1258.0,False
BOM-PHC,COK-HOSP,1081.0,False
BOM-PHC,CCJ-PHC,928.9,False
BOM-PHC,CTC-HOSP,1375.4,False
BOM-PHC,PAT-HOSP,1457.2,False
BOM-PHC,GAY-PHC,1405.9,False
BOM-PHC,IXC-HOSP,1352.9,False
BOM-PHC,RPR-HOSP,950.4,False
BOM-PHC,PNQ-HOSP,129.1,True
BOM-PHC,NSK-HOSP,142.4,True
BOM-PHC,NAG-HOSP,693.2,False
BOM-PHC,MYS-HOSP,859.4,False
BOM-PHC,HBX-PHC,483.1,False
BOM-PHC,CJB-HOSP,1004.9,False
BOM-PHC,IXM-PHC,1169.6,False
BOM-PHC,JAI-HOSP,918.5,False
BOM-PHC,LKO-HOSP,1196.0,False
BOM-PHC,IXB-HOSP,1804.6,False
BOM-PHC,RDP-PHC,1579.1,False
BOM-PHC,ST-PHC,229.4,True
BOM-PHC,IDR-PHC,511.2,False
BOM-PHARM,BOM-PHC,12.3,True
BOM-PHARM,CCU-HOSP,1646.3,False
BOM-PHARM,CCU-PHC,1654.8,False
BOM-PHARM,CCU-PHARM,1648.4,False
BOM-PHARM,DEL-HOSP,1139.6,False
BOM-PHARM,DEL-PHC,1149.9,False
BOM-PHARM,DEL-PHARM,1147.1,False
BOM-PHARM,MAA-HOSP,1038.3,False
BOM-PHARM,MAA-PHC,1036.2,False
BOM-PHARM,MAA-PHARM,1034.0,False
BOM-PHARM,VTZ-HOSP,1107.0,False
BOM-PHARM,BZA-HOSP,869.3,False
BOM-PHARM,TIR-HOSP,926.0,False
BOM-PHARM,KRN-PHC,656.6,False
BOM-PHARM,HYD-HOSP,620.0,False
BOM-PHARM,HYD-PHARM,610.1,False
BOM-PHARM,WGL-HOSP,715.5,False
BOM-PHARM,NZB-PHC,546.9,False
BOM-PHARM,TRV-HOSP,1258.6,False
BOM-PHARM,COK-HOSP,1081.8,False
BOM-PHARM,CCJ-PHC,929.7,False
BOM-PHARM,CTC-HOSP,1363.6,False
BOM-PHARM,PAT-HOSP,1445.0,False
BOM-PHARM,GAY-PHC,1393.7,False
BOM-PHARM,IXC-HOSP,1345.0,False
BOM-PHARM,RPR-HOSP,938.3,False
BOM-PHARM,PNQ-HOSP,122.2,True
BOM-PHARM,NSK-HOSP,131.0,True
BOM-PHARM,NAG-HOSP,681.0,False
BOM-PHARM,MYS-HOSP,858.4,False
BOM-PHARM,HBX-PHC,481.8,False
BOM-PHARM,CJB-HOSP,1004.4,False
BOM-PHARM,IXM-PHC,1168.4,False
BOM-PHARM,JAI-HOSP,910.2,False
BOM-PHARM,LKO-HOSP,1184.8,False
BOM-PHARM,IXB-HOSP,1792.5,False
BOM-PHARM,RDP-PHC,1566.8,False
BOM-PHARM,ST-PHC,224.6,True
BOM-PHARM,IDR-PHC,500.4,False
CCU-HOSP,CCU-PHC,8.9,True
CCU-HOSP,CCU-PHARM,12.4,True
CCU-HOSP,DEL-HOSP,1317.7,False
CCU-HOSP,DEL-PHC,1321.8,False
CCU-HOSP,DEL-PHARM,1324.9,False
CCU-HOSP,MAA-HOSP,1344.4,False
CCU-HOSP,MAA-PHC,1354.9,False
CCU-HOSP,MAA-PHARM,1361.1,False
CCU-HOSP,VTZ-HOSP,750.6,False
CCU-HOSP,TIR-HOSP,1366.0,False
CCU-HOSP,KRN-PHC,1313.4,False
CCU-HOSP,HYD-HOSP,1174.4,False
CCU-HOSP,HYD-PHARM,1182.7,False
CCU-HOSP,WGL-HOSP,1043.5,False
CCU-HOSP,NZB-PHC,1149.9,False
CCU-HOSP,TRV-HOSP,1976.6,False
CCU-HOSP,COK-HOSP,1896.0,False
CCU-HOSP,CTC-HOSP,342.7,True
CCU-HOSP,PAT-HOSP,473.4,False
CCU-HOSP,GAY-PHC,425.4,False
CCU-HOSP,IXC-HOSP,1467.9,False
CCU-HOSP,RPR-HOSP,708.0,False
CCU-HOSP,PNQ-HOSP,1571.0,False
CCU-HOSP,NSK-HOSP,1534.5,False
CCU-HOSP,NAG-HOSP,968.5,False
CCU-HOSP,MYS-HOSP,1680.0,False
CCU-HOSP,HBX-PHC,1601.3,False
CCU-HOSP,CJB-HOSP,1761.5,False
CCU-HOSP,IXM-PHC,1774.1,False
CCU-HOSP,JAI-HOSP,1356.3,False
CCU-HOSP,LKO-HOSP,894.1,False
CCU-HOSP,IXB-HOSP,468.6,False
CCU-HOSP,RDP-PHC,154.8,True
CCU-HOSP,ST-PHC,1608.6,False
CCU-HOSP,IDR-PHC,1282.7,False
CCU-PHC,DEL-HOSP,1321.8,False
CCU-PHC,DEL-PHC,1325.9,False
CCU-PHC,DEL-PHARM,1329.1,False
CCU-PHC,MAA-HOSP,1352.7,False
CCU-PHC,MAA-PHC,1363.3,False
CCU-PHC,MAA-PHARM,1369.5,False
CCU-PHC,VTZ-HOSP,759.2,False
CCU-PHC,TIR-HOSP,1374.6,False
CCU-PHC,KRN-PHC,1322.3,False
CCU-PHC,HYD-HOSP,1183.3,False
CCU-PHC,HYD-PHARM,1191.7,False
CCU-PHC,WGL-HOSP,1052.5,False
CCU-PHC,NZB-PHC,1158.8,False
CCU-PHC,TRV-HOSP,1984.9,False
CCU-PHC,COK-HOSP,1904.6,False
CCU-PHC,CTC-HOSP,351.5,False
CCU-PHC,PAT-HOSP,475.7,False
CCU-PHC,GAY-PHC,429.1,False
CCU-PHC,IXC-HOSP,1471.0,False
CCU-PHC,RPR-HOSP,716.5,False
CCU-PHC,PNQ-HOSP,1579.7,False
CCU-PHC,NSK-HOSP,1542.8,False
CCU-PHC,NAG-HOSP,976.8,False
CCU-PHC,MYS-HOSP,1688.7,False
CCU-PHC,HBX-PHC,1610.3,False
CCU-PHC,CJB-HOSP,1770.1,False
CCU-PHC,IXM-PHC,1782.4,False
CCU-PHC,JAI-HOSP,1361.8,False
CCU-PHC,LKO-HOSP,898.2,False
CCU-PHC,IXB-HOSP,464.3,False
CCU-PHC,RDP-PHC,157.3,True
CCU-PHC,ST-PHC,1616.6,False
CCU-PHC,IDR-PHC,1290.3,False
CCU-PHARM,CCU-PHC,11.3,True
CCU-PHARM,DEL-HOSP,1310.8,False
CCU-PHARM,DEL-PHC,1314.8,False
CCU-PHARM,DEL-PHARM,1318.0,False
CCU-PHARM,MAA-HOSP,1353.7,False
CCU-PHARM,MAA-PHC,1364.3,False
CCU-PHARM,MAA-PHARM,1370.4,False
CCU-PHARM,VTZ-HOSP,759.2,False
CCU-PHARM,TIR-HOSP,1374.6,False
CCU-PHARM,KRN-PHC,1320.0,False
CCU-PHARM,HYD-HOSP,1179.9,False
CCU-PHARM,HYD-PHARM,1188.3,False
CCU-PHARM,WGL-HOSP,1049.2,False
CCU-PHARM,NZB-PHC,1154.1,False
CCU-PHARM,TRV-HOSP,1986.0,False
CCU-PHARM,COK-HOSP,1904.7,False
CCU-PHARM,CTC-HOSP,350.9,False
CCU-PHARM,PAT-HOSP,464.4,False
CCU-PHARM,GAY-PHC,418.0,False
CCU-PHARM,IXC-HOSP,1459.8,False
CCU-PHARM,RPR-HOSP,710.2,False
CCU-PHARM,PNQ-HOSP,1573.9,False
CCU-PHARM,NSK-HOSP,1536.1,False
CCU-PHARM,NAG-HOSP,970.0,False
CCU-PHARM,MYS-HOSP,1687.9,False
CCU-PHARM,HBX-PHC,1607.0,False
CCU-PHARM,CJB-HOSP,1770.1,False
CCU-PHARM,IXM-PHC,1783.6,False
CCU-PHARM,JAI-HOSP,1351.3,False
CCU-PHARM,LKO-HOSP,887.1,False
CCU-PHARM,IXB-HOSP,456.2,False
CCU-PHARM,RDP-PHC,146.0,True
CCU-PHARM,ST-PHC,1609.0,False
CCU-PHARM,IDR-PHC,1281.9,False
DEL-HOSP,DEL-PHC,10.7,True
DEL-HOSP,DEL-PHARM,9.9,True
DEL-HOSP,MAA-HOSP,1759.9,False
DEL-HOSP,MAA-PHC,1764.9,False
DEL-HOSP,MAA-PHARM,1767.0,False
DEL-HOSP,VTZ-HOSP,1371.7,False
DEL-HOSP,TIR-HOSP,1688.4,False
DEL-HOSP,KRN-PHC,1430.1,False
DEL-HOSP,HYD-HOSP,1257.5,False
DEL-HOSP,HYD-PHARM,1255.5,False
DEL-HOSP,WGL-HOSP,1214.4,False
DEL-HOSP,NZB-PHC,1115.1,False
DEL-HOSP,TRV-HOSP,2239.1,False
DEL-HOSP,PAT-HOSP,864.1,False
DEL-HOSP,GAY-PHC,893.5,False
DEL-HOSP,IXC-HOSP,232.7,True
DEL-HOSP,RPR-HOSP,941.1,False
DEL-HOSP,PNQ-HOSP,1174.0,False
DEL-HOSP,NSK-HOSP,1020.2,False
DEL-HOSP,NAG-HOSP,859.0,False
DEL-HOSP,MYS-HOSP,1818.0,False
DEL-HOSP,HBX-PHC,1492.5,False
DEL-HOSP,IXM-PHC,2085.9,False
DEL-HOSP,JAI-HOSP,234.3,True
DEL-HOSP,LKO-HOSP,423.8,False
DEL-HOSP,IXB-HOSP,1131.1,False
DEL-HOSP,RDP-PHC,1167.3,False
DEL-HOSP,ST-PHC,937.8,False
DEL-HOSP,IDR-PHC,672.4,False
DEL-PHC,MAA-HOSP,1770.1,False
DEL-PHC,MAA-PHC,1775.1,False
DEL-PHC,MAA-PHARM,1777.3,False
DEL-PHC,VTZ-HOSP,1380.5,False
DEL-PHC,TIR-HOSP,1698.7,False
DEL-PHC,KRN-PHC,1440.6,False
DEL-PHC,HYD-HOSP,1267.9,False
DEL-PHC,HYD-PHARM,1266.0,False
DEL-PHC,WGL-HOSP,1224.6,False
DEL-PHC,NZB-PHC,1125.6,False
DEL-PHC,TRV-HOSP,2249.8,False
DEL-PHC,PAT-HOSP,867.0,False
DEL-PHC,GAY-PHC,897.3,False
DEL-PHC,IXC-HOSP,222.3,True
DEL-PHC,RPR-HOSP,949.8,False
DEL-PHC,PNQ-HOSP,1184.5,False
DEL-PHC,NSK-HOSP,1030.6,False
DEL-PHC,NAG-HOSP,869.1,False
DEL-PHC,MYS-HOSP,1828.7,False
DEL-PHC,HBX-PHC,1503.2,False
DEL-PHC,IXM-PHC,2096.5,False
DEL-PHC,JAI-HOSP,243.9,True
DEL-PHC,LKO-HOSP,427.7,False
DEL-PHC,IXB-HOSP,1131.5,False
DEL-PHC,RDP-PHC,1171.1,False
DEL-PHC,ST-PHC,947.8,False
DEL-PHC,IDR-PHC,683.1,False
DEL-PHARM,DEL-PHC,4.5,True
DEL-PHARM,MAA-HOSP,1769.8,False
DEL-PHARM,MAA-PHC,1774.8,False
DEL-PHARM,MAA-PHARM,1776.9,False
DEL-PHARM,VTZ-HOSP,1381.5,False
DEL-PHARM,TIR-HOSP,1698.2,False
DEL-PHARM,KRN-PHC,1439.7,False
DEL-PHARM,HYD-HOSP,1267.2,False
DEL-PHARM,HYD-PHARM,1265.2,False
DEL-PHARM,WGL-HOSP,1224.3,False
DEL-PHARM,NZB-PHC,1124.8,False
DEL-PHARM,TRV-HOSP,2248.6,False
DEL-PHARM,PAT-HOSP,870.5,False
DEL-PHARM,GAY-PHC,900.6,False
DEL-PHARM,IXC-HOSP,222.9,True
DEL-PHARM,RPR-HOSP,950.9,False
DEL-PHARM,PNQ-HOSP,1182.1,False
DEL-PHARM,NSK-HOSP,1028.0,False
DEL-PHARM,NAG-HOSP,868.9,False
DEL-PHARM,MYS-HOSP,1827.3,False
DEL-PHARM,HBX-PHC,1501.4,False
DEL-PHARM,IXM-PHC,2095.5,False
DEL-PHARM,JAI-HOSP,240.6,True
DEL-PHARM,LKO-HOSP,430.9,False
DEL-PHARM,IXB-HOSP,1135.6,False
DEL-PHARM,RDP-PHC,1174.4,False
DEL-PHARM,ST-PHC,944.7,False
DEL-PHARM,IDR-PHC,681.1,False
BLR-HOSP,BOM-HOSP,847.0,False
BLR-HOSP,BOM-PHC,849.5,False
BLR-HOSP,BOM-PHARM,846.6,False
BLR-HOSP,CCU-HOSP,1547.4,False
BLR-HOSP,CCU-PHC,1556.1,False
BLR-HOSP,CCU-PHARM,1555.4,False
BLR-HOSP,DEL-HOSP,1738.4,False
BLR-HOSP,DEL-PHC,1749.0,False
BLR-HOSP,DEL-PHARM,1747.9,False
BLR-HOSP,BLR-PHC,13.6,True
BLR-HOSP,BLR-PHARM,13.2,True
BLR-HOSP,MAA-HOSP,293.3,True
BLR-HOSP,MAA-PHC,284.5,True
BLR-HOSP,MAA-PHARM,278.7,True
BLR-HOSP,VTZ-HOSP,799.2,False
BLR-HOSP,BZA-HOSP,503.6,False
BLR-HOSP,TIR-HOSP,203.6,True
BLR-HOSP,KRN-PHC,313.6,True
BLR-HOSP,HYD-HOSP,496.8,False
BLR-HOSP,HYD-PHARM,495.9,False
BLR-HOSP,WGL-HOSP,588.3,False
BLR-HOSP,NZB-PHC,628.8,False
BLR-HOSP,TRV-HOSP,507.4,False
BLR-HOSP,COK-HOSP,370.4,False
BLR-HOSP,CCJ-PHC,282.5,True
BLR-HOSP,CTC-HOSP,1204.7,False
BLR-HOSP,PAT-HOSP,1601.9,False
BLR-HOSP,GAY-PHC,1518.5,False
BLR-HOSP,IXC-HOSP,1970.0,False
BLR-HOSP,RPR-HOSP,1007.1,False
BLR-HOSP,PNQ-HOSP,731.4,False
BLR-HOSP,NSK-HOSP,876.1,False
BLR-HOSP,NAG-HOSP,915.0,False
BLR-HOSP,MYS-HOSP,133.8,True
BLR-HOSP,HBX-PHC,375.0,False
BLR-HOSP,CJB-HOSP,237.4,True
BLR-HOSP,IXM-PHC,349.7,True
BLR-HOSP,JAI-HOSP,1552.6,False
BLR-HOSP,LKO-HOSP,1575.7,False
BLR-HOSP,IXB-HOSP,1890.6,False
BLR-HOSP,RDP-PHC,1548.7,False
BLR-HOSP,ST-PHC,1038.7,False
BLR-HOSP,IDR-PHC,1093.3,False
BLR-PHC,BOM-HOSP,853.9,False
BLR-PHC,BOM-PHC,856.3,False
BLR-PHC,BOM-PHARM,853.5,False
BLR-PHC,CCU-HOSP,1559.9,False
BLR-PHC,CCU-PHC,1568.7,False
BLR-PHC,CCU-PHARM,1568.0,False
BLR-PHC,DEL-HOSP,1750.7,False
BLR-PHC,DEL-PHC,1761.3,False
BLR-PHC,DEL-PHARM,1760.2,False
BLR-PHC,MAA-HOSP,299.4,True
BLR-PHC,MAA-PHC,290.4,True
BLR-PHC,MAA-PHARM,284.4,True
BLR-PHC,VTZ-HOSP,811.5,False
BLR-PHC,BZA-HOSP,516.7,False
BLR-PHC,TIR-HOSP,213.0,True
BLR-PHC,KRN-PHC,326.6,True
BLR-PHC,HYD-HOSP,510.1,False
BLR-PHC,HYD-PHARM,509.1,False
BLR-PHC,WGL-HOSP,601.8,False
BLR-PHC,NZB-PHC,641.6,False
BLR-PHC,TRV-HOSP,494.3,False
BLR-PHC,COK-HOSP,356.8,False
BLR-PHC,CCJ-PHC,270.0,True
BLR-PHC,CTC-HOSP,1217.2,False
BLR-PHC,PAT-HOSP,1615.4,False
BLR-PHC,GAY-PHC,1531.9,False
BLR-PHC,IXC-HOSP,1982.2,False
BLR-PHC,RPR-HOSP,1020.6,False
BLR-PHC,PNQ-HOSP,739.0,False
BLR-PHC,NSK-HOSP,884.7,False
BLR-PHC,NAG-HOSP,928.1,False
BLR-PHC,MYS-HOSP,122.2,True
BLR-PHC,HBX-PHC,380.0,False
BLR-PHC,CJB-HOSP,224.0,True
BLR-PHC,IXM-PHC,338.3,True
BLR-PHC,JAI-HOSP,1564.3,False
BLR-PHC,LKO-HOSP,1588.9,False
BLR-PHC,IXB-HOSP,1903.9,False
BLR-PHC,RDP-PHC,1561.7,False
BLR-PHC,ST-PHC,1047.1,False
BLR-PHC,IDR-PHC,1104.6,False
BLR-PHARM,BOM-HOSP,856.7,False
BLR-PHARM,BOM-PHC,859.1,False
BLR-PHARM,BOM-PHARM,856.3,False
BLR-PHARM,CCU-HOSP,1557.8,False
BLR-PHARM,CCU-PHC,1566.5,False
BLR-PHARM,CCU-PHARM,1565.9,False
BLR-PHARM,DEL-HOSP,1751.5,False
BLR-PHARM,DEL-PHC,1762.1,False
BLR-PHARM,DEL-PHARM,1761.0,False
BLR-PHARM,BLR-PHC,3.8,True
BLR-PHARM,MAA-HOSP,295.7,True
BLR-PHARM,MAA-PHC,286.7,True
BLR-PHARM,MAA-PHARM,280.7,True
BLR-PHARM,VTZ-HOSP,809.2,False
BLR-PHARM,BZA-HOSP,514.9,False
BLR-PHARM,TIR-HOSP,209.8,True
BLR-PHARM,KRN-PHC,326.8,True
BLR-PHARM,HYD-HOSP,510.1,False
BLR-PHARM,HYD-PHARM,509.2,False
BLR-PHARM,WGL-HOSP,601.2,False
BLR-PHARM,NZB-PHC,642.0,False
BLR-PHARM,TRV-HOSP,494.1,False
BLR-PHARM,COK-HOSP,357.7,False
BLR-PHARM,CCJ-PHC,272.3,True
BLR-PHARM,CTC-HOSP,1215.1,False
BLR-PHARM,PAT-HOSP,1614.3,False
BLR-PHARM,GAY-PHC,1530.7,False
BLR-PHARM,IXC-HOSP,1983.1,False
BLR-PHARM,RPR-HOSP,1019.7,False
BLR-PHARM,PNQ-HOSP,741.6,False
BLR-PHARM,NSK-HOSP,887.1,False
BLR-PHARM,NAG-HOSP,928.2,False
BLR-PHARM,MYS-HOSP,125.0,True
BLR-PHARM,HBX-PHC,383.1,False
BLR-PHARM,CJB-HOSP,224.5,True
BLR-PHARM,IXM-PHC,337.0,True
BLR-PHARM,JAI-HOSP,1565.5,False
BLR-PHARM,LKO-HOSP,1588.9,False
BLR-PHARM,IXB-HOSP,1902.4,False
BLR-PHARM,RDP-PHC,1559.9,False
BLR-PHARM,ST-PHC,1049.5,False
BLR-PHARM,IDR-PHC,1105.9,False
MAA-HOSP,MAA-PHC,10.9,True
MAA-HOSP,MAA-PHARM,17.6,True
MAA-HOSP,VTZ-HOSP,600.5,False
MAA-HOSP,TIR-HOSP,115.0,True
MAA-HOSP,WGL-HOSP,546.0,False
MAA-HOSP,NZB-PHC,662.5,False
MAA-HOSP,TRV-HOSP,632.4,False
MAA-HOSP,PAT-HOSP,1474.7,False
MAA-HOSP,RPR-HOSP,914.2,False
MAA-HOSP,PNQ-HOSP,916.5,False
MAA-HOSP,NSK-HOSP,1035.3,False
MAA-HOSP,NAG-HOSP,902.1,False
MAA-HOSP,MYS-HOSP,410.7,False
MAA-HOSP,RDP-PHC,1369.5,False
MAA-HOSP,ST-PHC,1198.7,False
MAA-PHC,VTZ-HOSP,610.7,False
MAA-PHC,TIR-HOSP,111.2,True
MAA-PHC,WGL-HOSP,551.4,False
MAA-PHC,NZB-PHC,665.7,False
MAA-PHC,TRV-HOSP,621.9,False
MAA-PHC,PAT-HOSP,1483.8,False
MAA-PHC,RPR-HOSP,922.1,False
MAA-PHC,PNQ-HOSP,914.5,False
MAA-PHC,NSK-HOSP,1034.7,False
MAA-PHC,NAG-HOSP,907.5,False
MAA-PHC,MYS-HOSP,400.9,False
MAA-PHC,RDP-PHC,1379.7,False
MAA-PHC,ST-PHC,1198.2,False
MAA-PHARM,MAA-PHC,6.7,True
MAA-PHARM,VTZ-HOSP,616.6,False
MAA-PHARM,TIR-HOSP,108.3,True
MAA-PHARM,WGL-HOSP,553.9,False
MAA-PHARM,NZB-PHC,666.7,False
MAA-PHARM,TRV-HOSP,615.8,False
MAA-PHARM,PAT-HOSP,1488.8,False
MAA-PHARM,RPR-HOSP,926.2,False
MAA-PHARM,PNQ-HOSP,912.4,False
MAA-PHARM,NSK-HOSP,1033.3,False
MAA-PHARM,NAG-HOSP,909.9,False
MAA-PHARM,MYS-HOSP,394.5,False
MAA-PHARM,RDP-PHC,1385.6,False
MAA-PHARM,ST-PHC,1196.9,False
VTZ-HOSP,WGL-HOSP,393.8,False
BZA-HOSP,CCU-HOSP,1047.8,False
BZA-HOSP,CCU-PHC,1056.6,False
BZA-HOSP,CCU-PHARM,1055.4,False
BZA-HOSP,DEL-HOSP,1399.2,False
BZA-HOSP,DEL-PHC,1409.1,False
BZA-HOSP,DEL-PHARM,1409.1,False
BZA-HOSP,MAA-HOSP,377.7,False
BZA-HOSP,MAA-PHC,385.2,False
BZA-HOSP,MAA-PHARM,389.0,False
BZA-HOSP,VTZ-HOSP,312.3,True
BZA-HOSP,TIR-HOSP,346.1,True
BZA-HOSP,KRN-PHC,288.8,True
BZA-HOSP,HYD-HOSP,249.9,True
BZA-HOSP,HYD-PHARM,259.6,True
BZA-HOSP,WGL-HOSP,198.3,True
BZA-HOSP,NZB-PHC,362.3,False
BZA-HOSP,TRV-HOSP,974.6,False
BZA-HOSP,COK-HOSP,865.8,False
BZA-HOSP,CCJ-PHC,785.1,False
BZA-HOSP,CTC-HOSP,705.8,False
BZA-HOSP,PAT-HOSP,1112.5,False
BZA-HOSP,GAY-PHC,1026.3,False
BZA-HOSP,IXC-HOSP,1629.9,False
BZA-HOSP,RPR-HOSP,537.6,False
BZA-HOSP,PNQ-HOSP,752.5,False
BZA-HOSP,NSK-HOSP,821.5,False
BZA-HOSP,NAG-HOSP,541.4,False
BZA-HOSP,MYS-HOSP,634.3,False
BZA-HOSP,HBX-PHC,604.1,False
BZA-HOSP,CJB-HOSP,729.8,False
BZA-HOSP,IXM-PHC,781.2,False
BZA-HOSP,JAI-HOSP,1257.8,False
BZA-HOSP,LKO-HOSP,1152.6,False
BZA-HOSP,IXB-HOSP,1389.4,False
BZA-HOSP,RDP-PHC,1045.1,False
BZA-HOSP,ST-PHC,972.2,False
BZA-HOSP,IDR-PHC,853.7,False
TIR-HOSP,VTZ-HOSP,615.4,False
TIR-HOSP,WGL-HOSP,484.0,False
TIR-HOSP,TRV-HOSP,628.9,False
KRN-PHC,MAA-HOSP,390.3,False
KRN-PHC,MAA-PHC,390.1,False
KRN-PHC,MAA-PHARM,389.1,False
KRN-PHC,VTZ-HOSP,598.4,False
KRN-PHC,TIR-HOSP,286.2,True
KRN-PHC,WGL-HOSP,290.9,True
KRN-PHC,NZB-PHC,316.3,True
KRN-PHC,TRV-HOSP,820.9,False
KRN-PHC,PAT-HOSP,1312.5,False
KRN-PHC,RPR-HOSP,712.0,False
KRN-PHC,PNQ-HOSP,534.4,False
KRN-PHC,NSK-HOSP,645.6,False
KRN-PHC,NAG-HOSP,601.6,False
KRN-PHC,MYS-HOSP,418.1,False
KRN-PHC,LKO-HOSP,1263.1,False
KRN-PHC,RDP-PHC,1293.2,False
KRN-PHC,ST-PHC,808.7,False
HYD-HOSP,MAA-HOSP,517.6,False
HYD-HOSP,MAA-PHC,520.6,False
HYD-HOSP,MAA-PHARM,521.5,False
HYD-HOSP,VTZ-HOSP,509.9,False
HYD-HOSP,TIR-HOSP,433.3,False
HYD-HOSP,KRN-PHC,184.3,True
HYD-HOSP,HYD-PHARM,10.3,True
HYD-HOSP,WGL-HOSP,130.9,True
HYD-HOSP,NZB-PHC,145.4,True
HYD-HOSP,TRV-HOSP,1004.1,False
HYD-HOSP,PAT-HOSP,1138.0,False
HYD-HOSP,IXC-HOSP,1490.1,False
HYD-HOSP,RPR-HOSP,537.2,False
HYD-HOSP,PNQ-HOSP,504.7,False
HYD-HOSP,NSK-HOSP,572.9,False
HYD-HOSP,NAG-HOSP,418.3,False
HYD-HOSP,MYS-HOSP,601.8,False
HYD-HOSP,IXM-PHC,834.9,False
HYD-HOSP,JAI-HOSP,1088.5,False
HYD-HOSP,LKO-HOSP,1079.0,False
HYD-HOSP,IXB-HOSP,1450.9,False
HYD-HOSP,RDP-PHC,1140.2,False
HYD-HOSP,ST-PHC,726.4,False
HYD-HOSP,IDR-PHC,650.4,False
HYD-PHARM,MAA-HOSP,522.5,False
HYD-PHARM,MAA-PHC,525.3,False
HYD-PHARM,MAA-PHARM,526.1,False
HYD-PHARM,VTZ-HOSP,520.0,False
HYD-PHARM,TIR-HOSP,436.6,False
HYD-PHARM,KRN-PHC,182.7,True
HYD-PHARM,WGL-HOSP,139.6,True
HYD-PHARM,NZB-PHC,141.8,True
HYD-PHARM,TRV-HOSP,1003.3,False
HYD-PHARM,PAT-HOSP,1143.3,False
HYD-PHARM,IXC-HOSP,1488.1,False
HYD-PHARM,RPR-HOSP,542.7,False
HYD-PHARM,PNQ-HOSP,494.6,False
HYD-PHARM,NSK-HOSP,563.7,False
HYD-PHARM,NAG-HOSP,419.0,False
HYD-PHARM,MYS-HOSP,599.4,False
HYD-PHARM,IXM-PHC,835.3,False
HYD-PHARM,JAI-HOSP,1085.1,False
HYD-PHARM,LKO-HOSP,1080.4,False
HYD-PHARM,IXB-HOSP,1457.2,False
HYD-PHARM,RDP-PHC,1147.8,False
HYD-PHARM,ST-PHC,717.6,False
HYD-PHARM,IDR-PHC,645.3,False
NZB-PHC,VTZ-HOSP,560.7,False
NZB-PHC,TIR-HOSP,578.4,False
NZB-PHC,WGL-HOSP,176.1,True
NZB-PHC,TRV-HOSP,1135.3,False
NZB-PHC,PAT-HOSP,1057.2,False
NZB-PHC,RPR-HOSP,467.7,False
NZB-PHC,PNQ-HOSP,445.0,False
NZB-PHC,RDP-PHC,1097.3,False
NZB-PHC,ST-PHC,616.2,False
TRV-HOSP,VTZ-HOSP,1231.8,False
TRV-HOSP,WGL-HOSP,1089.8,False
COK-HOSP,DEL-HOSP,2078.8,False
COK-HOSP,DEL-PHC,2089.5,False
COK-HOSP,DEL-PHARM,2088.1,False
COK-HOSP,MAA-HOSP,564.0,False
COK-HOSP,MAA-PHC,553.1,False
COK-HOSP,MAA-PHARM,546.4,False
COK-HOSP,VTZ-HOSP,1145.5,False
COK-HOSP,TIR-HOSP,530.3,False
COK-HOSP,KRN-PHC,677.4,False
COK-HOSP,HYD-HOSP,861.7,False
COK-HOSP,HYD-PHARM,859.7,False
COK-HOSP,WGL-HOSP,958.3,False
COK-HOSP,NZB-PHC,985.9,False
COK-HOSP,TRV-HOSP,177.4,True
COK-HOSP,CTC-HOSP,1554.3,False
COK-HOSP,PAT-HOSP,1971.3,False
COK-HOSP,GAY-PHC,1887.3,False
COK-HOSP,IXC-HOSP,2308.1,False
COK-HOSP,RPR-HOSP,1377.4,False
COK-HOSP,PNQ-HOSP,984.8,False
COK-HOSP,NSK-HOSP,1145.3,False
COK-HOSP,NAG-HOSP,1277.2,False
COK-HOSP,MYS-HOSP,262.8,True
COK-HOSP,HBX-PHC,611.6,False
COK-HOSP,IXM-PHC,201.6,True
COK-HOSP,JAI-HOSP,1881.1,False
COK-HOSP,LKO-HOSP,1939.7,False
COK-HOSP,IXB-HOSP,2255.2,False
COK-HOSP,RDP-PHC,1907.3,False
COK-HOSP,ST-PHC,1297.6,False
COK-HOSP,IDR-PHC,1417.1,False
CCJ-PHC,CCU-HOSP,1829.9,False
CCJ-PHC,CCU-PHC,1838.6,False
CCJ-PHC,CCU-PHARM,1837.9,False
CCJ-PHC,DEL-HOSP,1939.9,False
CCJ-PHC,DEL-PHC,1950.7,False
CCJ-PHC,DEL-PHARM,1949.1,False
CCJ-PHC,MAA-HOSP,537.7,False
CCJ-PHC,MAA-PHC,527.2,False
CCJ-PHC,MAA-PHARM,520.5,False
CCJ-PHC,VTZ-HOSP,1081.5,False
CCJ-PHC,TIR-HOSP,474.9,False
CCJ-PHC,KRN-PHC,563.6,False
CCJ-PHC,HYD-HOSP,745.6,False
CCJ-PHC,HYD-PHARM,742.5,False
CCJ-PHC,WGL-HOSP,852.3,False
CCJ-PHC,NZB-PHC,861.0,False
CCJ-PHC,TRV-HOSP,329.4,True
CCJ-PHC,COK-HOSP,152.1,True
CCJ-PHC,CTC-HOSP,1487.2,False
CCJ-PHC,PAT-HOSP,1873.0,False
CCJ-PHC,GAY-PHC,1791.3,False
CCJ-PHC,IXC-HOSP,2167.9,False
CCJ-PHC,RPR-HOSP,1274.1,False
CCJ-PHC,PNQ-HOSP,833.6,False
CCJ-PHC,NSK-HOSP,994.8,False
CCJ-PHC,NAG-HOSP,1154.6,False
CCJ-PHC,MYS-HOSP,151.0,True
CCJ-PHC,HBX-PHC,462.0,False
CCJ-PHC,CJB-HOSP,131.9,True
CCJ-PHC,IXM-PHC,295.6,True
CCJ-PHC,JAI-HOSP,1738.4,False
CCJ-PHC,LKO-HOSP,1817.0,False
CCJ-PHC,IXB-HOSP,2168.5,False
CCJ-PHC,RDP-PHC,1829.9,False
CCJ-PHC,ST-PHC,1146.1,False
CCJ-PHC,IDR-PHC,1274.4,False
BBI-HOSP,BOM-HOSP,1362.2,False
BBI-HOSP,BOM-PHC,1368.2,False
BBI-HOSP,BOM-PHARM,1356.4,False
BBI-HOSP,CCU-HOSP,359.8,False
BBI-HOSP,CCU-PHC,368.5,False
BBI-HOSP,CCU-PHARM,368.2,False
BBI-HOSP,DEL-HOSP,1280.7,False
BBI-HOSP,DEL-PHC,1287.3,False
BBI-HOSP,DEL-PHARM,1289.5,False
BBI-HOSP,BLR-HOSP,1187.8,False
BBI-HOSP,BLR-PHC,1200.3,False
BBI-HOSP,BLR-PHARM,1198.1,False
BBI-HOSP,MAA-HOSP,988.1,False
BBI-HOSP,MAA-PHC,998.5,False
BBI-HOSP,MAA-PHARM,1004.6,False
BBI-HOSP,VTZ-HOSP,391.1,False
BBI-HOSP,BZA-HOSP,689.7,False
BBI-HOSP,TIR-HOSP,1006.5,False
BBI-HOSP,KRN-PHC,961.2,False
BBI-HOSP,HYD-HOSP,833.8,False
BBI-HOSP,HYD-PHARM,842.8,False
BBI-HOSP,WGL-HOSP,703.3,False
BBI-HOSP,NZB-PHC,830.1,False
BBI-HOSP,TRV-HOSP,1620.4,False
BBI-HOSP,COK-HOSP,1536.7,False
BBI-HOSP,CCJ-PHC,1470.3,False
BBI-HOSP,CTC-HOSP,19.5,True
BBI-HOSP,PAT-HOSP,593.3,False
BBI-HOSP,GAY-PHC,507.0,False
BBI-HOSP,IXC-HOSP,1471.9,False
BBI-HOSP,RPR-HOSP,448.9,False
BBI-HOSP,PNQ-HOSP,1268.3,False
BBI-HOSP,NSK-HOSP,1256.5,False
BBI-HOSP,NAG-HOSP,706.9,False
BBI-HOSP,MYS-HOSP,1320.6,False
BBI-HOSP,HBX-PHC,1257.9,False
BBI-HOSP,CJB-HOSP,1401.9,False
BBI-HOSP,IXM-PHC,1418.3,False
BBI-HOSP,JAI-HOSP,1255.4,False
BBI-HOSP,LKO-HOSP,885.6,False
BBI-HOSP,IXB-HOSP,761.5,False
BBI-HOSP,RDP-PHC,390.0,False
BBI-HOSP,ST-PHC,1354.3,False
BBI-HOSP,BHO-HOSP,928.8,False
BBI-HOSP,IDR-PHC,1065.4,False
CTC-HOSP,DEL-HOSP,1271.0,False
CTC-HOSP,DEL-PHC,1277.6,False
CTC-HOSP,DEL-PHARM,1279.8,False
CTC-HOSP,MAA-HOSP,1006.5,False
CTC-HOSP,MAA-PHC,1016.9,False
CTC-HOSP,MAA-PHARM,1023.0,False
CTC-HOSP,VTZ-HOSP,408.9,False
CTC-HOSP,TIR-HOSP,1024.1,False
CTC-HOSP,KRN-PHC,975.8,False
CTC-HOSP,HYD-HOSP,846.3,False
CTC-HOSP,HYD-PHARM,855.2,False
CTC-HOSP,WGL-HOSP,715.6,False
CTC-HOSP,NZB-PHC,839.9,False
CTC-HOSP,TRV-HOSP,1638.8,False
CTC-HOSP,PAT-HOSP,575.7,False
CTC-HOSP,GAY-PHC,489.8,False
CTC-HOSP,IXC-HOSP,1460.7,False
CTC-HOSP,RPR-HOSP,450.5,False
CTC-HOSP,PNQ-HOSP,1276.7,False
CTC-HOSP,NSK-HOSP,1262.5,False
CTC-HOSP,NAG-HOSP,710.3,False
CTC-HOSP,MYS-HOSP,1337.3,False
CTC-HOSP,HBX-PHC,1271.1,False
CTC-HOSP,IXM-PHC,1436.8,False
CTC-HOSP,JAI-HOSP,1249.0,False
CTC-HOSP,LKO-HOSP,873.6,False
CTC-HOSP,IXB-HOSP,742.1,False
CTC-HOSP,RDP-PHC,370.6,False
CTC-HOSP,ST-PHC,1358.4,False
CTC-HOSP,IDR-PHC,1066.2,False
PAT-HOSP,VTZ-HOSP,897.0,False
PAT-HOSP,TIR-HOSP,1458.5,False
PAT-HOSP,WGL-HOSP,1021.8,False
PAT-HOSP,TRV-HOSP,2087.0,False
PAT-HOSP,RPR-HOSP,601.0,False
PAT-HOSP,PNQ-HOSP,1400.6,False
PAT-HOSP,RDP-PHC,318.6,True
PAT-HOSP,ST-PHC,1348.1,False
GAY-PHC,MAA-HOSP,1386.4,False
GAY-PHC,MAA-PHC,1395.7,False
GAY-PHC,MAA-PHARM,1400.7,False
GAY-PHC,VTZ-HOSP,806.9,False
GAY-PHC,TIR-HOSP,1372.1,False
GAY-PHC,KRN-PHC,1232.5,False
GAY-PHC,HYD-HOSP,1060.3,False
GAY-PHC,HYD-PHARM,1066.0,False
GAY-PHC,WGL-HOSP,941.6,False
GAY-PHC,NZB-PHC,985.4,False
GAY-PHC,TRV-HOSP,2000.8,False
GAY-PHC,PAT-HOSP,90.3,True
GAY-PHC,IXC-HOSP,1043.8,False
GAY-PHC,RPR-HOSP,523.3,False
GAY-PHC,PNQ-HOSP,1343.4,False
GAY-PHC,NSK-HOSP,1269.1,False
GAY-PHC,NAG-HOSP,728.3,False
GAY-PHC,MYS-HOSP,1641.6,False
GAY-PHC,HBX-PHC,1469.3,False
GAY-PHC,IXM-PHC,1806.1,False
GAY-PHC,JAI-HOSP,948.1,False
GAY-PHC,LKO-HOSP,469.8,False
GAY-PHC,IXB-HOSP,402.4,False
GAY-PHC,RDP-PHC,273.8,True
GAY-PHC,ST-PHC,1308.6,False
GAY-PHC,IDR-PHC,958.3,False
IXC-HOSP,MAA-HOSP,1992.2,False
IXC-HOSP,MAA-PHC,1997.2,False
IXC-HOSP,MAA-PHARM,1999.4,False
IXC-HOSP,VTZ-HOSP,1591.3,False
IXC-HOSP,TIR-HOSP,1921.0,False
IXC-HOSP,KRN-PHC,1662.3,False
IXC-HOSP,WGL-HOSP,1446.5,False
IXC-HOSP,NZB-PHC,1347.6,False
IXC-HOSP,TRV-HOSP,2469.6,False
IXC-HOSP,PAT-HOSP,998.4,False
IXC-HOSP,RPR-HOSP,1160.0,False
IXC-HOSP,PNQ-HOSP,1388.6,False
IXC-HOSP,NSK-HOSP,1230.8,False
IXC-HOSP,NAG-HOSP,1090.7,False
IXC-HOSP,MYS-HOSP,2047.9,False
IXC-HOSP,IXM-PHC,2317.9,False
IXC-HOSP,JAI-HOSP,437.3,False
IXC-HOSP,LKO-HOSP,588.8,False
IXC-HOSP,RDP-PHC,1314.0,False
IXC-HOSP,ST-PHC,1134.0,False
ATQ-HOSP,BOM-HOSP,1405.9,False
ATQ-HOSP,BOM-PHC,1408.1,False
ATQ-HOSP,BOM-PHARM,1401.6,False
ATQ-HOSP,CCU-HOSP,1674.1,False
ATQ-HOSP,CCU-PHC,1677.3,False
ATQ-HOSP,CCU-PHARM,1666.0,False
ATQ-HOSP,DEL-HOSP,394.5,False
ATQ-HOSP,DEL-PHC,386.2,False
ATQ-HOSP,DEL-PHARM,384.9,False
ATQ-HOSP,BLR-HOSP,2087.4,False
ATQ-HOSP,BLR-PHC,2099.0,False
ATQ-HOSP,BLR-PHARM,2100.2,False
ATQ-HOSP,MAA-HOSP,2133.0,False
ATQ-HOSP,MAA-PHC,2137.4,False
ATQ-HOSP,MAA-PHARM,2139.1,False
ATQ-HOSP,VTZ-HOSP,1765.6,False
ATQ-HOSP,BZA-HOSP,1780.5,False
ATQ-HOSP,TIR-HOSP,2055.1,False
ATQ-HOSP,KRN-PHC,1786.5,False
ATQ-HOSP,HYD-HOSP,1621.8,False
ATQ-HOSP,HYD-PHARM,1618.8,False
ATQ-HOSP,WGL-HOSP,1590.9,False
ATQ-HOSP,NZB-PHC,1477.0,False
ATQ-HOSP,TRV-HOSP,2578.6,False
ATQ-HOSP,COK-HOSP,2412.0,False
ATQ-HOSP,CCJ-PHC,2267.5,False
ATQ-HOSP,BBI-HOSP,1667.6,False
ATQ-HOSP,CTC-HOSP,1657.0,False
ATQ-HOSP,PAT-HOSP,1205.3,False
ATQ-HOSP,GAY-PHC,1249.4,False
ATQ-HOSP,IXC-HOSP,207.2,True
ATQ-HOSP,RPR-HOSP,1335.4,False
ATQ-HOSP,PNQ-HOSP,1461.0,False
ATQ-HOSP,NSK-HOSP,1298.4,False
ATQ-HOSP,NAG-HOSP,1239.2,False
ATQ-HOSP,MYS-HOSP,2155.7,False
ATQ-HOSP,HBX-PHC,1809.2,False
ATQ-HOSP,CJB-HOSP,2303.9,False
ATQ-HOSP,IXM-PHC,2437.0,False
ATQ-HOSP,JAI-HOSP,535.1,False
ATQ-HOSP,LKO-HOSP,789.8,False
ATQ-HOSP,IXB-HOSP,1420.3,False
ATQ-HOSP,RDP-PHC,1520.3,False
ATQ-HOSP,ST-PHC,1181.1,False
ATQ-HOSP,BHO-HOSP,964.2,False
ATQ-HOSP,IDR-PHC,996.0,False
RPR-HOSP,VTZ-HOSP,431.2,False
RPR-HOSP,TIR-HOSP,879.4,False
RPR-HOSP,WGL-HOSP,421.8,False
RPR-HOSP,TRV-HOSP,1502.0,False
RPR-HOSP,ST-PHC,912.0,False
PNQ-HOSP,VTZ-HOSP,1000.5,False
PNQ-HOSP,TIR-HOSP,804.5,False
PNQ-HOSP,WGL-HOSP,607.0,False
PNQ-HOSP,TRV-HOSP,1160.3,False
PNQ-HOSP,RPR-HOSP,865.5,False
PNQ-HOSP,RDP-PHC,1500.2,False
PNQ-HOSP,ST-PHC,313.6,True
NSK-HOSP,VTZ-HOSP,1032.8,False
NSK-HOSP,TIR-HOSP,927.4,False
NSK-HOSP,WGL-HOSP,650.2,False
NSK-HOSP,NZB-PHC,475.0,False
NSK-HOSP,TRV-HOSP,1319.9,False
NSK-HOSP,PAT-HOSP,1318.4,False
NSK-HOSP,RPR-HOSP,827.6,False
NSK-HOSP,PNQ-HOSP,163.8,True
NSK-HOSP,RDP-PHC,1449.6,False
NSK-HOSP,ST-PHC,164.2,True
NAG-HOSP,VTZ-HOSP,584.3,False
NAG-HOSP,TIR-HOSP,836.6,False
NAG-HOSP,WGL-HOSP,356.2,False
NAG-HOSP,NZB-PHC,294.0,True
NAG-HOSP,TRV-HOSP,1422.3,False
NAG-HOSP,PAT-HOSP,790.9,False
NAG-HOSP,RPR-HOSP,263.7,True
NAG-HOSP,PNQ-HOSP,618.2,False
NAG-HOSP,NSK-HOSP,566.1,False
NAG-HOSP,RDP-PHC,885.9,False
NAG-HOSP,ST-PHC,648.8,False
MYS-HOSP,VTZ-HOSP,932.6,False
MYS-HOSP,TIR-HOSP,333.7,True
MYS-HOSP,WGL-HOSP,704.3,False
MYS-HOSP,NZB-PHC,723.5,False
MYS-HOSP,TRV-HOSP,422.9,False
MYS-HOSP,PAT-HOSP,1723.8,False
MYS-HOSP,RPR-HOSP,1125.8,False
MYS-HOSP,PNQ-HOSP,751.7,False
MYS-HOSP,NSK-HOSP,906.9,False
MYS-HOSP,NAG-HOSP,1015.4,False
MYS-HOSP,RDP-PHC,1678.9,False
MYS-HOSP,ST-PHC,1064.9,False
HBX-PHC,MAA-HOSP,615.5,False
HBX-PHC,MAA-PHC,610.5,False
HBX-PHC,MAA-PHARM,606.6,False
HBX-PHC,VTZ-HOSP,909.9,False
HBX-PHC,TIR-HOSP,501.0,False
HBX-PHC,KRN-PHC,316.2,True
HBX-PHC,HYD-HOSP,427.1,False
HBX-PHC,HYD-PHARM,418.9,False
HBX-PHC,WGL-HOSP,557.8,False
HBX-PHC,NZB-PHC,484.7,False
HBX-PHC,TRV-HOSP,785.8,False
HBX-PHC,PAT-HOSP,1541.9,False
HBX-PHC,IXC-HOSP,1717.2,False
HBX-PHC,RPR-HOSP,948.4,False
HBX-PHC,PNQ-HOSP,375.8,False
HBX-PHC,NSK-HOSP,534.2,False
HBX-PHC,NAG-HOSP,767.0,False
HBX-PHC,MYS-HOSP,376.8,False
HBX-PHC,IXM-PHC,686.6,False
HBX-PHC,JAI-HOSP,1283.9,False
HBX-PHC,LKO-HOSP,1412.5,False
HBX-PHC,IXB-HOSP,1866.3,False
HBX-PHC,RDP-PHC,1565.6,False
HBX-PHC,ST-PHC,689.4,False
HBX-PHC,IDR-PHC,821.4,False
CJB-HOSP,DEL-HOSP,1963.3,False
CJB-HOSP,DEL-PHC,1974.0,False
CJB-HOSP,DEL-PHARM,1972.7,False
CJB-HOSP,MAA-HOSP,436.8,False
CJB-HOSP,MAA-PHC,426.0,False
CJB-HOSP,MAA-PHARM,419.3,False
CJB-HOSP,VTZ-HOSP,1010.9,False
CJB-HOSP,TIR-HOSP,395.5,False
CJB-HOSP,KRN-PHC,548.8,False
CJB-HOSP,HYD-HOSP,732.9,False
CJB-HOSP,HYD-PHARM,731.5,False
CJB-HOSP,WGL-HOSP,825.6,False
CJB-HOSP,NZB-PHC,861.3,False
CJB-HOSP,TRV-HOSP,275.8,True
CJB-HOSP,COK-HOSP,136.0,True
CJB-HOSP,CTC-HOSP,1419.5,False
CJB-HOSP,PAT-HOSP,1836.1,False
CJB-HOSP,GAY-PHC,1751.9,False
CJB-HOSP,IXC-HOSP,2193.8,False
CJB-HOSP,RPR-HOSP,1243.4,False
CJB-HOSP,PNQ-HOSP,899.7,False
CJB-HOSP,NSK-HOSP,1056.0,False
CJB-HOSP,NAG-HOSP,1150.3,False
CJB-HOSP,MYS-HOSP,149.8,True
CJB-HOSP,HBX-PHC,524.0,False
CJB-HOSP,IXM-PHC,174.5,True
CJB-HOSP,JAI-HOSP,1770.8,False
CJB-HOSP,LKO-HOSP,1811.9,False
CJB-HOSP,IXB-HOSP,2119.2,False
CJB-HOSP,RDP-PHC,1771.5,False
CJB-HOSP,ST-PHC,1213.2,False
CJB-HOSP,IDR-PHC,1307.9,False
IXM-PHC,MAA-HOSP,430.3,False
IXM-PHC,MAA-PHC,419.9,False
IXM-PHC,MAA-PHARM,414.0,False
IXM-PHC,VTZ-HOSP,1030.5,False
IXM-PHC,TIR-HOSP,435.4,False
IXM-PHC,KRN-PHC,656.4,False
IXM-PHC,WGL-HOSP,909.5,False
IXM-PHC,NZB-PHC,972.7,False
IXM-PHC,TRV-HOSP,202.8,True
IXM-PHC,PAT-HOSP,1893.0,False
IXM-PHC,RPR-HOSP,1314.1,False
IXM-PHC,PNQ-HOSP,1060.0,False
IXM-PHC,NSK-HOSP,1212.5,False
IXM-PHC,NAG-HOSP,1252.0,False
IXM-PHC,MYS-HOSP,310.6,True
IXM-PHC,JAI-HOSP,1902.1,False
IXM-PHC,LKO-HOSP,1906.7,False
IXM-PHC,RDP-PHC,1799.3,False
IXM-PHC,ST-PHC,1372.3,False
JAI-HOSP,MAA-HOSP,1602.3,False
JAI-HOSP,MAA-PHC,1606.2,False
JAI-HOSP,MAA-PHARM,1607.7,False
JAI-HOSP,VTZ-HOSP,1278.4,False
JAI-HOSP,TIR-HOSP,1521.7,False
JAI-HOSP,KRN-PHC,1251.6,False
JAI-HOSP,WGL-HOSP,1064.4,False
JAI-HOSP,NZB-PHC,943.3,False
JAI-HOSP,TRV-HOSP,2045.9,False
JAI-HOSP,PAT-HOSP,940.6,False
JAI-HOSP,RPR-HOSP,861.1,False
JAI-HOSP,PNQ-HOSP,951.3,False
JAI-HOSP,NSK-HOSP,794.0,False
JAI-HOSP,NAG-HOSP,720.2,False
JAI-HOSP,MYS-HOSP,1623.1,False
JAI-HOSP,LKO-HOSP,505.5,False
JAI-HOSP,RDP-PHC,1215.3,False
JAI-HOSP,ST-PHC,704.7,False
LKO-HOSP,MAA-HOSP,1529.7,False
LKO-HOSP,MAA-PHC,1536.7,False
LKO-HOSP,MAA-PHARM,1540.2,False
LKO-HOSP,VTZ-HOSP,1047.8,False
LKO-HOSP,TIR-HOSP,1480.4,False
LKO-HOSP,WGL-HOSP,997.8,False
LKO-HOSP,NZB-PHC,956.0,False
LKO-HOSP,TRV-HOSP,2082.4,False
LKO-HOSP,PAT-HOSP,444.6,False
LKO-HOSP,RPR-HOSP,628.9,False
LKO-HOSP,PNQ-HOSP,1174.9,False
LKO-HOSP,NSK-HOSP,1054.0,False
LKO-HOSP,NAG-HOSP,662.8,False
LKO-HOSP,MYS-HOSP,1678.2,False
LKO-HOSP,RDP-PHC,743.6,False
LKO-HOSP,ST-PHC,1036.4,False
IXB-HOSP,MAA-HOSP,1729.7,False
IXB-HOSP,MAA-PHC,1739.7,False
IXB-HOSP,MAA-PHARM,1745.3,False
IXB-HOSP,VTZ-HOSP,1131.1,False
IXB-HOSP,TIR-HOSP,1730.1,False
IXB-HOSP,KRN-PHC,1617.1,False
IXB-HOSP,WGL-HOSP,1327.8,False
IXB-HOSP,NZB-PHC,1384.0,False
IXB-HOSP,TRV-HOSP,2356.9,False
IXB-HOSP,PAT-HOSP,348.7,True
IXB-HOSP,IXC-HOSP,1216.2,False
IXB-HOSP,RPR-HOSP,917.9,False
IXB-HOSP,PNQ-HOSP,1745.1,False
IXB-HOSP,NSK-HOSP,1666.4,False
IXB-HOSP,NAG-HOSP,1130.7,False
IXB-HOSP,MYS-HOSP,2017.7,False
IXB-HOSP,IXM-PHC,2157.6,False
IXB-HOSP,JAI-HOSP,1248.1,False
IXB-HOSP,LKO-HOSP,742.7,False
IXB-HOSP,RDP-PHC,372.9,False
IXB-HOSP,ST-PHC,1696.4,False
RDP-PHC,VTZ-HOSP,769.0,False
RDP-PHC,TIR-HOSP,1378.2,False
RDP-PHC,WGL-HOSP,1011.4,False
RDP-PHC,TRV-HOSP,2000.3,False
RDP-PHC,RPR-HOSP,636.3,False
RDP-PHC,ST-PHC,1511.3,False
AMD-HOSP,BOM-HOSP,438.3,False
AMD-HOSP,BOM-PHC,439.3,False
AMD-HOSP,BOM-PHARM,435.1,False
AMD-HOSP,CCU-HOSP,1616.3,False
AMD-HOSP,CCU-PHC,1623.7,False
AMD-HOSP,CCU-PHARM,1615.1,False
AMD-HOSP,DEL-HOSP,769.9,False
AMD-HOSP,DEL-PHC,779.2,False
AMD-HOSP,DEL-PHARM,775.7,False
AMD-HOSP,BLR-HOSP,1234.8,False
AMD-HOSP,BLR-PHC,1243.8,False
AMD-HOSP,BLR-PHARM,1246.0,False
AMD-HOSP,MAA-HOSP,1374.2,False
AMD-HOSP,MAA-PHC,1374.7,False
AMD-HOSP,MAA-PHARM,1374.0,False
AMD-HOSP,VTZ-HOSP,1264.0,False
AMD-HOSP,BZA-HOSP,1113.1,False
AMD-HOSP,TIR-HOSP,1271.0,False
AMD-HOSP,KRN-PHC,985.2,False
AMD-HOSP,HYD-HOSP,878.3,False
AMD-HOSP,HYD-PHARM,870.6,False
AMD-HOSP,WGL-HOSP,921.6,False
AMD-HOSP,NZB-PHC,750.8,False
AMD-HOSP,TRV-HOSP,1680.6,False
AMD-HOSP,COK-HOSP,1505.4,False
AMD-HOSP,CCJ-PHC,1354.3,False
AMD-HOSP,BBI-HOSP,1400.5,False
AMD-HOSP,CTC-HOSP,1401.7,False
AMD-HOSP,PAT-HOSP,1301.4,False
AMD-HOSP,GAY-PHC,1275.3,False
AMD-HOSP,IXC-HOSP,949.3,False
AMD-HOSP,ATQ-HOSP,980.2,False
AMD-HOSP,RPR-HOSP,951.7,False
AMD-HOSP,PNQ-HOSP,520.7,False
AMD-HOSP,NSK-HOSP,361.6,False
AMD-HOSP,NAG-HOSP,701.8,False
AMD-HOSP,MYS-HOSP,1268.5,False
AMD-HOSP,HBX-PHC,895.2,False
AMD-HOSP,CJB-HOSP,1417.6,False
AMD-HOSP,IXM-PHC,1573.6,False
AMD-HOSP,JAI-HOSP,536.4,False
AMD-HOSP,LKO-HOSP,939.5,False
AMD-HOSP,IXB-HOSP,1644.1,False
AMD-HOSP,RDP-PHC,1503.5,False
AMD-HOSP,ST-PHC,210.8,True
AMD-HOSP,BHO-HOSP,493.2,False
AMD-HOSP,IDR-PHC,336.4,True
ST-PHC,VTZ-HOSP,1163.3,False
ST-PHC,TIR-HOSP,1091.3,False
ST-PHC,WGL-HOSP,792.3,False
ST-PHC,TRV-HOSP,1473.5,False
BHO-HOSP,BOM-HOSP,658.6,False
BHO-HOSP,BOM-PHC,663.7,False
BHO-HOSP,BOM-PHARM,652.3,False
BHO-HOSP,CCU-HOSP,1123.9,False
BHO-HOSP,CCU-PHC,1131.2,False
BHO-HOSP,CCU-PHARM,1122.4,False
BHO-HOSP,DEL-HOSP,601.3,False
BHO-HOSP,DEL-PHC,611.9,False
BHO-HOSP,DEL-PHARM,610.9,False
BHO-HOSP,BLR-HOSP,1137.3,False
BHO-HOSP,BLR-PHC,1149.6,False
BHO-HOSP,BLR-PHARM,1150.4,False
BHO-HOSP,MAA-HOSP,1169.0,False
BHO-HOSP,MAA-PHC,1173.2,False
BHO-HOSP,MAA-PHARM,1174.9,False
BHO-HOSP,VTZ-HOSP,870.1,False
BHO-HOSP,BZA-HOSP,823.6,False
BHO-HOSP,TIR-HOSP,1091.6,False
BHO-HOSP,KRN-PHC,829.0,False
BHO-HOSP,HYD-HOSP,658.8,False
BHO-HOSP,HYD-PHARM,656.2,False
BHO-HOSP,WGL-HOSP,629.6,False
BHO-HOSP,NZB-PHC,515.0,False
BHO-HOSP,TRV-HOSP,1639.3,False
BHO-HOSP,COK-HOSP,1481.4,False
BHO-HOSP,CCJ-PHC,1345.6,False
BHO-HOSP,CTC-HOSP,927.6,False
BHO-HOSP,PAT-HOSP,823.9,False
BHO-HOSP,GAY-PHC,789.1,False
BHO-HOSP,IXC-HOSP,833.4,False
BHO-HOSP,RPR-HOSP,488.0,False
BHO-HOSP,PNQ-HOSP,641.9,False
BHO-HOSP,NSK-HOSP,521.3,False
BHO-HOSP,NAG-HOSP,291.6,True
BHO-HOSP,MYS-HOSP,1219.5,False
BHO-HOSP,HBX-PHC,910.1,False
BHO-HOSP,CJB-HOSP,1363.6,False
BHO-HOSP,IXM-PHC,1484.7,False
BHO-HOSP,JAI-HOSP,434.8,False
BHO-HOSP,LKO-HOSP,534.1,False
BHO-HOSP,IXB-HOSP,1171.5,False
BHO-HOSP,RDP-PHC,1010.5,False
BHO-HOSP,ST-PHC,525.7,False
BHO-HOSP,IDR-PHC,170.1,True
IDR-PHC,MAA-HOSP,1167.8,False
IDR-PHC,MAA-PHC,1170.5,False
IDR-PHC,MAA-PHARM,1171.2,False
IDR-PHC,VTZ-HOSP,955.8,False
IDR-PHC,TIR-HOSP,1078.4,False
IDR-PHC,KRN-PHC,799.7,False
IDR-PHC,WGL-HOSP,655.4,False
IDR-PHC,NZB-PHC,506.6,False
IDR-PHC,TRV-HOSP,1582.7,False
IDR-PHC,PAT-HOSP,994.0,False
IDR-PHC,IXC-HOSP,895.8,False
IDR-PHC,RPR-HOSP,617.1,False
IDR-PHC,PNQ-HOSP,509.9,False
IDR-PHC,NSK-HOSP,370.8,False
IDR-PHC,NAG-HOSP,376.4,False
IDR-PHC,MYS-HOSP,1159.8,False
IDR-PHC,IXM-PHC,1442.9,False
IDR-PHC,JAI-HOSP,464.0,False
IDR-PHC,LKO-HOSP,687.8,False
IDR-PHC,IXB-HOSP,1341.6,False
IDR-PHC,RDP-PHC,1174.4,False
IDR-PHC,ST-PHC,356.5,False
